questions asked,auc,z_auc,z_auc_lb,z_auc_ub
5.0,0.5336064186233415,0.603892318443415,0.5482986482253734,0.6596551746142622
10.0,0.6615721997300945,0.7276147889614685,0.6654039154120898,0.7899252347935573
15.0,0.6243455642450624,0.7087364575021928,0.6422747292887138,0.775313456121184
20.0,0.7134966704809091,0.7741153715021362,0.7221101832208814,0.8263663139337717
25.0,0.7772904627698902,0.8093145715062023,0.7622674952848311,0.8564282197379246
30.0,0.7498236195062821,0.7982787979821558,0.7477516626674211,0.848874199683386
35.0,0.7630510111619971,0.8114729639755957,0.7591508894468922,0.8638483323238446
40.0,0.7961479771579218,0.8392571904437153,0.7948049439395121,0.8837547604469403
45.0,0.7873061749816136,0.823682599941386,0.7740728463238489,0.8733386005083387
