questions asked,auc,z_auc,z_auc_lb,z_auc_ub
5.0,0.544949582226239,0.5980642128609965,0.550608030479681,0.6456498198511964
10.0,0.7509421282383099,0.7994938026706409,0.747816490268423,0.8512345904776141
15.0,0.6923401548661502,0.7585661896745229,0.6955293365604641,0.8216846930821085
20.0,0.7592260012714558,0.817708874694659,0.7680653361776022,0.8676954631854192
25.0,0.7850808217458806,0.8167319655822325,0.7710512063292672,0.8624663767870477
30.0,0.7298293391430647,0.7857916802832244,0.7274497124880939,0.8442017038909775
35.0,0.7338431885379691,0.7851007732926593,0.7286666816125423,0.8416018768019095
40.0,0.7975262837984481,0.8358942176387997,0.7866962337570574,0.8851357922953194
45.0,0.794122442299257,0.8225717604843207,0.7750971263633318,0.8700986389712172
