questions asked,auc,z_auc,z_auc_lb,z_auc_ub
5,0.4379699248120301,0.5488421052631579,0.47119435515621466,0.6266999933116703
10,0.7463235294117647,0.7462187499999999,0.6829363112081619,0.8096085670075014
15,0.625,0.7095588235294117,0.6313531591013914,0.787856188592434
20,0.8471074380165289,0.8965000000000001,0.8483917263261048,0.9471714093739632
25,0.7406015037593985,0.7877142857142857,0.7310076050946677,0.8444755664648124
30,0.7757352941176472,0.79759375,0.7314631866517969,0.8637946973629915
35,0.6037037037037036,0.6723611111111112,0.5883569314871488,0.7564249525750988
40,0.6838235294117647,0.7444411764705883,0.6691061689913476,0.8198397753233483
45,0.7923076923076924,0.801923076923077,0.7550056194511023,0.8489244432151679
