questions asked,auc,z_auc,z_auc_lb,z_auc_ub
5,0.5128676470588235,0.5128676470588235,0.5128676470588235,0.5128676470588235
10,0.5036764705882353,0.584625,0.5097765714173927,0.6596176183710043
15,0.44852941176470595,0.5571470588235294,0.47192156271878083,0.6425353117103251
20,0.35,0.5249999999999999,0.44683439701081207,0.603458362243783
25,0.8014705882352942,0.8235,0.7646497166403252,0.8824073502680432
30,0.6470588235294118,0.7003529411764706,0.6323175665072474,0.7685099456327813
35,0.6801470588235294,0.7241176470588235,0.6517799323799495,0.7965521806362101
40,0.7293233082706767,0.7836785714285714,0.7279923484395348,0.8394276315547133
45,0.8961538461538462,0.859575,0.8123074312481929,0.9068993944512485
