questions asked,auc,z_auc,z_auc_lb,z_auc_ub
5,0.6578947368421053,0.6932142857142858,0.6273745138613779,0.7592185999700619
10,0.6444444444444445,0.7092499999999999,0.6415766835894171,0.777045090237271
15,0.6801470588235294,0.7444411764705883,0.6740120824728513,0.8149501519804229
20,0.7352941176470589,0.8051250000000001,0.7554172773101374,0.8548713956921237
25,0.6984126984126984,0.7918749999999999,0.74688728409224,0.8369495780446532
30,0.7279411764705882,0.7812941176470587,0.7230992716497548,0.8395525550178821
35,0.6307692307692307,0.7232000000000001,0.6567892657746476,0.7897279366201039
40,0.7744360902255639,0.8193571428571429,0.7723837295717222,0.8663851562734721
45,0.7218045112781956,0.7873157894736842,0.7230423558770211,0.8516334175285157
