questions asked,auc,z_auc,z_auc_lb,z_auc_ub
5,0.5702479338842975,0.6156590909090909,0.5458563975431303,0.6856927019745434
10,0.7000000000000001,0.7634615384615384,0.6978032076463433,0.82920377809685
15,0.7370370370370369,0.7944166666666667,0.7285903178393798,0.8602867984663448
20,0.7666666666666666,0.8091944444444443,0.7680011917731567,0.8504787973555279
25,0.8695652173913044,0.8695652173913044,0.8695652173913044,0.8695652173913044
30,0.9074074074074074,0.9275666666666667,0.9014508840465489,0.9537049244677639
35,0.7894736842105263,0.825078947368421,0.7802512421540531,0.8699567614283024
40,0.9076923076923078,0.9211538461538462,0.8964025128793532,0.9459267698733673
45,0.7867647058823529,0.8014411764705882,0.7496724810007805,0.8532802889500926
