questions asked,auc,z_auc,z_auc_lb,z_auc_ub
5.0,0.5557306666343809,0.6233319340038425,0.5619006126562649,0.6849282049920007
10.0,0.6601424653453863,0.729359387555742,0.6677801699460687,0.7910446810246804
15.0,0.6579035510382846,0.7304104600783251,0.6699794166346658,0.7909414137263232
20.0,0.708850559958192,0.7681083284236689,0.7140181799036703,0.8223674067682601
25.0,0.7766057288242867,0.8091246475170825,0.759149820466263,0.8591614859354899
30.0,0.7549264794908556,0.7998448605482829,0.7464984253024141,0.8532533846986913
35.0,0.7617504956022875,0.808041979057306,0.7555037788772337,0.8606380890025942
40.0,0.7869843839259356,0.8262017302594779,0.7797353438276985,0.8727215880813568
45.0,0.8025468449488057,0.835627424251827,0.7872449831110475,0.8840540255921
