questions asked,auc,z_auc,z_auc_lb,z_auc_ub
5,0.5018796992481203,0.6014285714285714,0.5343338333708363,0.6687675835597658
10,0.5441176470588235,0.62709375,0.5401369847234094,0.7141059944115395
15,0.4135338345864662,0.5545357142857142,0.4690606407228409,0.6401620568624852
20,0.6309523809523809,0.7041666666666666,0.6458727084825278,0.7625952795414945
25,0.8235294117647058,0.7682058823529412,0.7226692272444706,0.8138779167971655
30,0.8015873015873016,0.849,0.8063995143394442,0.8916689584892463
35,0.8296296296296297,0.8701666666666666,0.8251110336666097,0.9152447748477032
40,0.7067669172932332,0.7966428571428572,0.7446350148864229,0.8487525856639268
45,0.775735294117647,0.81065625,0.7545196305776902,0.8668257159710919
