questions asked,auc,z_auc,z_auc_lb,z_auc_ub
5,0.7903846153846154,0.8096,0.7532772676259052,0.8659934418110269
10,0.6930147058823529,0.7626764705882353,0.7114713438080927,0.8140063835877055
15,0.8214285714285714,0.8720263157894736,0.8311035162555581,0.91298098301457
20,0.7977941176470589,0.8215588235294118,0.7667326540834838,0.8764182466768244
25,0.9117647058823529,0.8656250000000001,0.8298835367693025,0.9014313337022013
30,0.7744360902255639,0.8251052631578947,0.7714377659237943,0.8788169548501636
35,0.8602941176470589,0.9042352941176471,0.8728813999854268,0.9356131327511917
40,0.8533834586466166,0.9001052631578947,0.8611817553983028,0.9390553315589814
45,0.8809523809523808,0.9065416666666666,0.8642515476030008,0.9488496545138181
