questions asked,auc,z_auc,z_auc_lb,z_auc_ub
5,0.41735537190082644,0.5458181818181818,0.46047056772811307,0.6313189418589221
10,0.59375,0.6691875,0.5988967411368165,0.7396224486515807
15,0.5073529411764706,0.603,0.5232535155702004,0.6828906742181966
20,0.5514705882352942,0.6102941176470589,0.5270013259157319,0.6936953002932913
25,0.5807692307692308,0.7096153846153846,0.6508726154297585,0.7685129153300305
30,0.623015873015873,0.7024523809523809,0.6355563063345494,0.7694823093865997
35,0.7647058823529411,0.819764705882353,0.7631711866755868,0.8764027415674495
40,0.7222222222222222,0.7794444444444444,0.7245825742031335,0.8343974149255511
45,0.6360294117647058,0.6948529411764706,0.6197722066678361,0.7699972670586245
