questions asked,auc,z_auc,z_auc_lb,z_auc_ub
5.0,0.5515983757864152,0.6253904891811191,0.5536085390656272,0.6973703095584193
10.0,0.5863934917496608,0.6637573391120726,0.5965593388107132,0.731115733147489
15.0,0.5484024376375726,0.6488271291782732,0.581712802517129,0.7161020548664151
20.0,0.5987051045346852,0.68279710731332,0.6164769192592153,0.7492585646880231
25.0,0.6252585912157635,0.7057816679088132,0.6395832371932667,0.7720928571134101
30.0,0.6434098576764106,0.7126287865993047,0.6445151275592432,0.7808431503664387
35.0,0.6448515577321047,0.716980669718264,0.6545405802013475,0.7795250595011183
40.0,0.6842661436560958,0.7443058704159905,0.6871627517454874,0.8015532144191616
45.0,0.6747192973005666,0.7421715827677224,0.6790236044290259,0.8054083784728517
