questions asked,auc,z_auc,z_auc_lb,z_auc_ub
5,0.5753968253968254,0.6191428571428572,0.5399474648238858,0.6985175308624714
10,0.4338235294117647,0.5586875,0.48354546521534636,0.6340987586075837
15,0.26666666666666666,0.5,0.4177203101705293,0.58258797086041
20,0.5772058823529412,0.700375,0.6321482818820492,0.7686721021327392
25,0.5148148148148148,0.614611111111111,0.5416794050958345,0.6877702266381688
30,0.5845588235294117,0.6452058823529412,0.5683555933817867,0.7221857106342716
35,0.6576923076923077,0.725,0.6703842764369067,0.7797345089442191
40,0.625,0.7241764705882353,0.6574512757742774,0.7909542339537665
45,0.6066176470588235,0.6583125,0.588574077081468,0.7281951127069289
