questions asked,auc,z_auc,z_auc_lb,z_auc_ub
5.0,0.584783218468074,0.6486086622807018,0.5784674293643676,0.7189448434052368
10.0,0.6050994290428102,0.6870668285418285,0.6232239116617356,0.7510659182093536
15.0,0.619344076051436,0.6976325474714679,0.6392678602857161,0.7561115677862292
20.0,0.7029974855439253,0.764214606829574,0.7070223908424876,0.8214873930955786
25.0,0.7274123699562295,0.7775689356939357,0.7216584449230975,0.8335515678965996
30.0,0.6074295477675251,0.6789721816481878,0.6093117665204887,0.7487595097738381
35.0,0.6579520697167757,0.7276900462962962,0.6671700269132789,0.7883094994958489
40.0,0.6683700331984644,0.725426097105509,0.6663011732930956,0.7846693124360815
45.0,0.6614986540425137,0.7379544566544567,0.6683200804001735,0.8076748739324137
