questions asked,auc,z_auc,z_auc_lb,z_auc_ub
5.0,0.5581646450932801,0.6279410724390766,0.5566080048656997,0.6994691275092139
10.0,0.5909311863382367,0.6674851274833943,0.6018245802412531,0.7333081755377743
15.0,0.5525607058816208,0.6532526884486388,0.5870097377043254,0.7196520482082367
20.0,0.6031769822133097,0.6858127655009372,0.620541971333245,0.751223265660129
25.0,0.6442434966189206,0.7226579180862628,0.658106301391176,0.7873108295405457
30.0,0.6518465167413743,0.717876398592705,0.6506729684512463,0.7851811155575273
35.0,0.6649389820405596,0.7346900964580614,0.6752659220816233,0.7942140122076263
40.0,0.6864707863828325,0.7460466561367932,0.6899950599201641,0.8022013227829943
45.0,0.688269818348692,0.7493893719026072,0.6877366214376118,0.8111318339765623
