questions asked,auc,z_auc,z_auc_lb,z_auc_ub
5,0.6845238095238095,0.6963571428571428,0.6230364891985969,0.7698113801392672
10,0.5942307692307693,0.6461538461538462,0.5765988353682558,0.715908519751997
15,0.45961538461538465,0.55,0.4720329004418218,0.6281667623707385
20,0.5319548872180451,0.5900789473684209,0.5123922868699672,0.667974327621298
25,0.4154411764705883,0.5810294117647059,0.4982665018124197,0.6639007126318975
30,0.7095588235294117,0.76653125,0.6971805758456653,0.8359205971565957
35,0.5992647058823529,0.69678125,0.6274003399507475,0.7662574152466111
40,0.6481481481481481,0.7315277777777778,0.6588701448205028,0.8042576128816258
45,0.6654411764705882,0.744375,0.6827510851179837,0.806094170079375
