questions asked,auc,z_auc,z_auc_lb,z_auc_ub
5,0.4788461538461538,0.5765,0.5068094292220008,0.6464513489286914
10,0.5330882352941176,0.64703125,0.5651819028596321,0.7289360762753168
15,0.4391304347826087,0.558695652173913,0.4839232391119314,0.6337039552991293
20,0.41911764705882354,0.5383823529411765,0.46182174931120556,0.615226799585217
25,0.6029411764705882,0.6816249999999999,0.6252460621522337,0.7381968441160618
30,0.5515873015873016,0.6587500000000001,0.5844531526994337,0.7331034945102943
35,0.45925925925925926,0.5871999999999999,0.511475569816451,0.6630525111746243
40,0.6230769230769231,0.7057692307692308,0.6504745620363417,0.7611623486308086
45,0.6176470588235294,0.6966470588235294,0.6249860854605606,0.7683886150506376
