questions asked,auc,z_auc,z_auc_lb,z_auc_ub
5.0,0.5646267289242709,0.6318635583248451,0.5623490769643971,0.7015591243448599
10.0,0.6095060283961427,0.684901268893144,0.6185691085492676,0.7513732326126062
15.0,0.5775153592865941,0.6691967398923262,0.6035815678026923,0.7349494383149809
20.0,0.6262044612602826,0.7020990961070663,0.6369178171056276,0.767529391366693
25.0,0.6505697149905096,0.7264068588798541,0.6607587183688308,0.7921535063944222
30.0,0.6686376605772186,0.7316614586862943,0.6677456616747318,0.7956804809254566
35.0,0.6530657788681524,0.7245692755038362,0.6623467254247631,0.7868893337442905
40.0,0.7088248298932932,0.7614021823720799,0.7055521886010615,0.8173467909009181
45.0,0.6891465712840842,0.7501783007449493,0.6879119525413567,0.8125302044413942
