questions asked,auc,z_auc,z_auc_lb,z_auc_ub
5,0.4944444444444444,0.55025,0.46439015565793057,0.6362322256198412
10,0.5692307692307692,0.638425,0.574806760595614,0.7022459262749869
15,0.5357142857142857,0.617,0.5413234114546276,0.6928112432360614
20,0.443609022556391,0.534157894736842,0.44985257957655744,0.6186719296515499
25,0.6090225563909775,0.6785789473684211,0.5964465428013329,0.7607794693413332
30,0.7420634920634921,0.7975,0.7385016914890197,0.8565241535098915
35,0.6165413533834587,0.6689736842105263,0.5940117342173756,0.7440919676106046
40,0.7481203007518797,0.8249210526315789,0.7802619963684008,0.8696621491256015
45,0.7352941176470589,0.7849705882352942,0.7374774294949358,0.8325443298397918
