questions asked,auc,z_auc,z_auc_lb,z_auc_ub
5,0.625,0.6801470588235294,0.6198785916019596,0.7405932964776929
10,0.8865384615384615,0.892475,0.8692037170598375,0.915796430573578
15,0.6370370370370371,0.7277666666666666,0.6790319547016389,0.7766655054936322
20,0.6777777777777778,0.7370333333333333,0.6763990860512993,0.7977298779242284
25,0.8455882352941176,0.8969411764705881,0.8622997356835042,0.9316158709591571
30,0.7555555555555555,0.8053333333333333,0.7569568279985062,0.8537905029551398
35,0.7615384615384615,0.8442307692307692,0.8067391472944443,0.8818003333070201
40,0.8076923076923077,0.8481000000000001,0.8078774828702787,0.8883932265666534
45,0.7593984962406015,0.8214642857142858,0.7775668410275458,0.8654047118488442
