questions asked,auc,z_auc,z_auc_lb,z_auc_ub
5,0.662962962962963,0.7296,0.6595712723259641,0.7997306139386713
10,0.44259259259259265,0.5391,0.4565557131161557,0.621900930769478
15,0.2962962962962963,0.5333333333333333,0.452051837608552,0.6148920546332204
20,0.4360902255639098,0.5504642857142857,0.4709946163322368,0.6302024229323753
25,0.6346153846153846,0.7134615384615385,0.6403821247328755,0.7865781709146384
30,0.7307692307692307,0.7615,0.706434402171085,0.8166828002236663
35,0.6139705882352942,0.6819117647058823,0.611432654773177,0.752454466012107
40,0.6444444444444444,0.7038,0.6389602977239439,0.7687240213228305
45,0.7444444444444444,0.8000666666666667,0.7529872123515411,0.8472084182906534
