questions asked,auc,z_auc,z_auc_lb,z_auc_ub
5,0.5676691729323309,0.6128421052631579,0.533557706851686,0.6923118036871223
10,0.7408088235294117,0.8087647058823529,0.7538038977762895,0.8637780825399898
15,0.7095588235294118,0.77009375,0.7082005057428256,0.8320573782719628
20,0.7962962962962963,0.8277000000000001,0.7750431741486109,0.8803860612227021
25,0.7242647058823529,0.7885882352941177,0.7289969086517518,0.8482425347520259
30,0.6240601503759399,0.6823157894736842,0.6028620127100364,0.7618726294778575
35,0.774074074074074,0.8165833333333333,0.7745673852238458,0.8586589432828462
40,0.7941176470588235,0.84,0.7779993649487,0.9020298336550742
45,0.8851851851851852,0.8480833333333333,0.8079231084352421,0.8883206862255296
