questions asked,auc,z_auc,z_auc_lb,z_auc_ub
5,0.48120300751879697,0.5733421052631579,0.4952025577330822,0.6517323791759333
10,0.4736842105263158,0.5922499999999999,0.5098787923891459,0.6748152486683447
15,0.45555555555555555,0.5832499999999999,0.5008899577953604,0.6658152803369303
20,0.6397058823529411,0.70403125,0.6409707934368355,0.767214948902488
25,0.7074074074074073,0.7758888888888889,0.7143954824739052,0.8374544974504455
30,0.6370370370370371,0.7089666666666667,0.6350395188845871,0.7829561117576074
35,0.5555555555555556,0.6463888888888889,0.5781440629447402,0.7147560961108094
40,0.5220588235294117,0.6011470588235294,0.5243322508627646,0.6781259286713962
45,0.6654135338345865,0.7274736842105263,0.6495937372588165,0.8054114754243538
