questions asked,auc,z_auc,z_auc_lb,z_auc_ub
5,0.34962406015037595,0.5447105263157894,0.4672214963165294,0.6224785757129849
10,0.538888888888889,0.6091,0.5274756287042631,0.6908960442728866
15,0.4522058823529412,0.5917187500000001,0.5160998954679072,0.6675693769048476
20,0.6397058823529412,0.70196875,0.6316719952016745,0.7724096945867226
25,0.4153846153846154,0.5249999999999999,0.44683439701081207,0.603458362243783
30,0.5625,0.64325,0.5628880148885426,0.7237561748998544
35,0.5198412698412699,0.5772857142857143,0.49438208895431734,0.6603686210177541
40,0.6706349206349207,0.722125,0.6617441429947725,0.7826558331817065
45,0.5851851851851851,0.7000000000000001,0.6195440748692588,0.7805155869707666
