questions asked,auc,z_auc,z_auc_lb,z_auc_ub
5.0,0.5552338260950115,0.6218652899796282,0.5508342467620682,0.6930966745685648
10.0,0.6122211609089874,0.683913105079833,0.6201287150062007,0.7478452550653898
15.0,0.5945814442160788,0.6754985068937823,0.6116351887237799,0.7394955449498803
20.0,0.6151077242822872,0.6951423401743739,0.6313441434344589,0.7590751647472616
25.0,0.6537167374822174,0.7311085642530366,0.6679280589617248,0.7943838600054578
30.0,0.6585917669327229,0.7260566620369606,0.6595300725456222,0.7926776466109376
35.0,0.6662253181624527,0.7358609404211153,0.6762704858192693,0.7955525667919177
40.0,0.6956356705330577,0.7534773079765856,0.6992875869542609,0.8077716586884964
45.0,0.688706763382116,0.7525263396597955,0.6908947586646799,0.8142457338655993
