questions asked,auc,z_auc,z_auc_lb,z_auc_ub
5.0,0.5195866505798253,0.5930203913192071,0.5171057257760462,0.6691520064296526
10.0,0.5731269315523233,0.6529895722496458,0.583689644815604,0.7224516724651512
15.0,0.5665265332733374,0.6527865929597471,0.5851253195728225,0.7205878890888289
20.0,0.5843656525810105,0.6716776546144774,0.6046242264486426,0.7388816654009034
25.0,0.6350747752992335,0.7168828097833825,0.6501295561459048,0.7837325199172386
30.0,0.6397867940296874,0.7091326069560241,0.63969171145092,0.7786740316868971
35.0,0.6355148765159085,0.7105106632799318,0.646926284298322,0.7742073825810235
40.0,0.6725880657982638,0.7341937952129283,0.6765100492088175,0.7919910774253486
45.0,0.6656251026426465,0.7344256552108023,0.6698734105531535,0.7990744887379505
