questions asked,auc,z_auc,z_auc_lb,z_auc_ub
5,0.48496240601503754,0.5449285714285714,0.4666777791908204,0.623444529824513
10,0.3933823529411765,0.53515625,0.4505813471406662,0.6199243854358495
15,0.5873015873015873,0.6764285714285715,0.6080988750917209,0.7449041895252984
20,0.5551470588235294,0.6707352941176471,0.6101474812139472,0.731518972070477
25,0.6148148148148148,0.6978666666666666,0.6185977726710441,0.7772198797090637
30,0.5826446280991736,0.6465681818181819,0.5738307213955935,0.7194946725460205
35,0.6592592592592592,0.7184166666666667,0.6517722662097509,0.785183448401354
40,0.7573529411764706,0.8325,0.8037366512680826,0.8613640833331504
45,0.7426470588235294,0.790470588235294,0.7388166603762536,0.8422050989584738
