questions asked,auc,z_auc,z_auc_lb,z_auc_ub
5,0.6029411764705883,0.6635000000000001,0.5983714377774438,0.7288213866515064
10,0.7666666666666667,0.8034,0.754097125614859,0.8527871934319153
15,0.8007518796992481,0.8513928571428571,0.8070932327160937,0.8957220427482807
20,0.8444444444444446,0.87,0.8449728849897236,0.8950989062638774
25,0.8037037037037037,0.8443,0.7965313217544785,0.8921087274201195
30,0.575187969924812,0.6616315789473685,0.5868891982336637,0.7365250341894046
35,0.7555555555555556,0.7924666666666667,0.7329623342427767,0.8520110482651547
40,0.6777777777777778,0.7316,0.6761499279049623,0.7871343911418119
45,0.65,0.7132000000000001,0.6626529626441623,0.7639209236188238
