questions asked,auc,z_auc,z_auc_lb,z_auc_ub
5.0,0.5341838926053752,0.6096478383458647,0.5355103134672761,0.6839926429706872
10.0,0.5866940814962049,0.6707449381636882,0.603962306178969,0.7376836988504388
15.0,0.5963639797829214,0.6777383232098841,0.615664782470332,0.7399426098567912
20.0,0.6520658718328137,0.7254682403516962,0.6650793239745578,0.7859700553364058
25.0,0.6756243648056514,0.7428988886032746,0.6788967886293362,0.8069807173977875
30.0,0.6352673008355217,0.7043342682849391,0.6367215606033744,0.7720615263468125
35.0,0.6408841639319796,0.7104589587394412,0.647597054443121,0.7734425338939418
40.0,0.6731112370474255,0.7355103355422241,0.6802114585623096,0.7909305666058711
45.0,0.6697572726296497,0.7409700462663698,0.6756029660816473,0.8064284155242833
