questions asked,auc,z_auc,z_auc_lb,z_auc_ub
5,0.6146616541353385,0.6146616541353385,0.6146616541353385,0.6146616541353385
10,0.6,0.7111,0.6322192378476821,0.7900208113269157
15,0.6507352941176471,0.71140625,0.6351056316852053,0.7877623474497435
20,0.562962962962963,0.5946,0.5207034356560892,0.6687102026088805
25,0.7022058823529411,0.76278125,0.6927937433961162,0.8328145984581379
30,0.6703703703703704,0.7685,0.7134579483057429,0.8236411626585891
35,0.626984126984127,0.726125,0.6513436115940072,0.8009477646910415
40,0.7720588235294117,0.8235294117647058,0.7652514837310814,0.8818644067066987
45,0.6616541353383458,0.7235357142857143,0.6528104372112125,0.7943039728080343
