questions asked,auc,z_auc,z_auc_lb,z_auc_ub
5.0,0.6068683313781352,0.6490166666666667,0.5810191748616914,0.7172109197406263
10.0,0.783144577083971,0.8119734006734007,0.7664155373570627,0.8576096145976063
15.0,0.8027299654093912,0.8272005116096025,0.7919735571653251,0.86245351949739
20.0,0.8017822333611807,0.8439476190476191,0.8005185278221879,0.8874316837179951
25.0,0.8073170818784853,0.8344415750915751,0.7857736535591954,0.8831642309814322
30.0,0.6806810578482406,0.7369428038421847,0.6765891352841917,0.7974119129620082
35.0,0.6895424836601308,0.748562962962963,0.6894479522212914,0.8077533143132642
40.0,0.6660714285714285,0.7200888888888889,0.6658818027705556,0.7744318911989717
45.0,0.66265664160401,0.728844669365722,0.6618036895183037,0.7959846660623917
