questions asked,auc,z_auc,z_auc_lb,z_auc_ub
5,0.4944852941176471,0.6138125,0.5364126452352631,0.6914228292537974
10,0.3055555555555555,0.5,0.4177203101705293,0.58258797086041
15,0.4442307692307692,0.5386,0.45362471990722136,0.6237324340924065
20,0.5676691729323309,0.6445714285714286,0.5664130603988654,0.7228426256354293
25,0.6148148148148148,0.6832,0.6209355999096589,0.7455487191371154
30,0.42105263157894735,0.5318157894736841,0.4490559799004998,0.6148373578004269
35,0.5845588235294118,0.68734375,0.6257040088100535,0.7491613069707083
40,0.738095238095238,0.7874761904761904,0.7323457119971939,0.8426823102929308
45,0.623015873015873,0.7361190476190476,0.6692472766351343,0.8030972535759904
