questions asked,auc,z_auc,z_auc_lb,z_auc_ub
5,0.5753676470588236,0.5845,0.5056841480855913,0.6635448913842598
10,0.5606617647058824,0.58640625,0.506634386775162,0.6663957010711635
15,0.5551470588235294,0.65640625,0.580572082160324,0.7323108018544644
20,0.5338345864661653,0.6354285714285715,0.5561806991914149,0.7148459607245177
25,0.6764705882352942,0.7554411764705882,0.6904373157083092,0.8205527889429965
30,0.7148148148148148,0.7701333333333333,0.7010728359264105,0.8392656219938575
35,0.7218045112781954,0.7799642857142858,0.7320977720173825,0.827905009865163
40,0.6481481481481481,0.6813888888888889,0.6208181012020425,0.7421439364547975
45,0.6470588235294118,0.7205294117647059,0.6521282818193177,0.7890600810202699
