questions asked,auc,z_auc,z_auc_lb,z_auc_ub
5,0.38703703703703707,0.5053,0.4232721210303765,0.5876317765370545
10,0.41544117647058826,0.525735294117647,0.44168306682375147,0.6100052108040325
15,0.5351851851851852,0.6128333333333333,0.5361021729418873,0.6897567784645362
20,0.4049586776859504,0.5905,0.5231133640443497,0.6581387574059712
25,0.5661764705882353,0.6544411764705882,0.571074586564784,0.7378713577499119
30,0.6370370370370371,0.6979666666666667,0.6197767862997853,0.7762408660803224
35,0.5919117647058824,0.6561874999999999,0.5815878086936017,0.7309313810947954
40,0.6776859504132232,0.7355681818181818,0.6641328903856575,0.8070698690989454
45,0.625,0.6835,0.6232764885933127,0.7438887520822862
