questions asked,auc,z_auc,z_auc_lb,z_auc_ub
5,0.5944444444444444,0.6221666666666668,0.5525193706109199,0.692029299094115
10,0.6777777777777778,0.7037222222222222,0.6411582670191928,0.766433167404758
15,0.7463235294117647,0.7868124999999999,0.7177201076125121,0.8559435653897489
20,0.6764705882352942,0.735375,0.669863866988981,0.800931974865273
25,0.7941176470588235,0.8491875,0.791800184368483,0.9065999664180299
30,0.6666666666666666,0.75,0.7025219339210631,0.7975623851257113
35,0.6353383458646616,0.7256071428571429,0.6711745971437738,0.7801138990244859
40,0.7316176470588235,0.72953125,0.6685279907100609,0.7906624583705164
45,0.774074074074074,0.8129444444444445,0.7461495911653799,0.8797777255727423
