questions asked,auc,z_auc,z_auc_lb,z_auc_ub
5,0.4430147058823529,0.5,0.4177203101705293,0.58258797086041
10,0.6194852941176471,0.683625,0.6306889836597231,0.736753840769227
15,0.6341911764705882,0.71121875,0.6400128411331862,0.7825058754142471
20,0.4555555555555556,0.5812666666666667,0.5031400556259491,0.6596133373556037
25,0.6037037037037036,0.685,0.6059751628570424,0.7641267234075927
30,0.6433823529411765,0.7021470588235295,0.6268419692275857,0.7775438490544753
35,0.6278195488721804,0.7236315789473684,0.6597880973329707,0.7875788747212327
40,0.7115384615384616,0.7596153846153846,0.706869338423799,0.812459879935659
45,0.7653846153846153,0.8077500000000001,0.764760315903467,0.8508327060595138
