questions asked,auc,z_auc,z_auc_lb,z_auc_ub
5.0,0.5561161589031881,0.6244089691263711,0.5550868025619629,0.6939218587525422
10.0,0.596001126048113,0.6723615950664561,0.6053557605222325,0.7395188761782001
15.0,0.5654917092726135,0.6607468000103169,0.5934123520537644,0.7282300965890894
20.0,0.607579716901,0.6868446509451734,0.6207798718153648,0.7530456959707188
25.0,0.6380294231286089,0.716271000559468,0.6505032788538797,0.782143913716668
30.0,0.6445531026535863,0.7149595062169257,0.647674257642914,0.7823448809650626
35.0,0.6486234789812362,0.7213278351640301,0.6594836858812582,0.7832711864824152
40.0,0.6933400579775317,0.7502370945092027,0.692729069677094,0.8078456979552654
45.0,0.6857102418448595,0.7480252399440308,0.6853129497447576,0.8108223506649908
