questions asked,auc,z_auc,z_auc_lb,z_auc_ub
5.0,0.5122392720898091,0.5924290605775803,0.5170494273605107,0.6680243373653507
10.0,0.5855475219064674,0.6697123494560994,0.6025356986055744,0.7370388046125061
15.0,0.5789958642063301,0.6643799425885726,0.5990143865040255,0.7298819994702245
20.0,0.6078947197787498,0.6882631083683474,0.6231397538853255,0.7535221612718136
25.0,0.6556694495161987,0.7301941985037379,0.6660137448419217,0.794471911619481
30.0,0.6279492695886706,0.7001964878616969,0.6314454561409949,0.7690569491727235
35.0,0.6349785138226831,0.7103939094570576,0.6469006953177582,0.7740014110423985
40.0,0.676236561688703,0.7387018399757563,0.6836524668103384,0.7938662285787382
45.0,0.6705730449699748,0.7389983680331107,0.6741621085638907,0.8039228606572771
