questions asked,auc,z_auc,z_auc_lb,z_auc_ub
5,0.31954887218045114,0.5,0.4177203101705293,0.58258797086041
10,0.6870370370370371,0.7407222222222222,0.6709291779040265,0.8105874686869909
15,0.5281954887218044,0.620421052631579,0.5559535939723421,0.685098649232385
20,0.6518518518518519,0.7390333333333334,0.683579509925589,0.794615237732153
25,0.49230769230769234,0.6442307692307692,0.5650761126530638,0.723517700150093
30,0.7481203007518797,0.8211071428571428,0.7622910334228237,0.8799778524223708
35,0.5444444444444445,0.6406000000000001,0.579569328081289,0.7018503920584245
40,0.5423076923076924,0.6096153846153847,0.5400974396657299,0.6793329923775997
45,0.5808823529411765,0.6655625000000001,0.5942121224625947,0.7370570673258023
