questions asked,auc,z_auc,z_auc_lb,z_auc_ub
5,0.6011029411764706,0.65053125,0.5819593514105447,0.7192683892650543
10,0.6944444444444444,0.7739333333333334,0.7073791229642428,0.840527592877022
15,0.7894736842105263,0.7894736842105263,0.7894736842105263,0.7894736842105263
20,0.7814814814814814,0.82775,0.7626883388682724,0.8965226533458857
25,0.7255639097744362,0.7855789473684209,0.7135186892081024,0.8576833999869082
30,0.8629629629629629,0.8924333333333334,0.8431578247088033,0.9420140818949068
35,0.6617647058823529,0.7334375,0.6698890738218966,0.7970811813754621
40,0.8923076923076924,0.9134615384615384,0.8845292718482987,0.9424117793090809
45,0.7148148148148148,0.7552333333333334,0.6900775115038227,0.8204734742096182
