questions asked,auc,z_auc,z_auc_lb,z_auc_ub
5,0.5769230769230769,0.60755,0.5307307847036116,0.6845876951107788
10,0.8203703703703704,0.8371111111111111,0.7912913067168509,0.8829905773453968
15,0.7933884297520661,0.8161590909090909,0.7547778520030224,0.87758892896703
20,0.7,0.7712,0.7011426329023942,0.841307514731021
25,0.7423076923076923,0.8038461538461539,0.749363005514736,0.8583937658192038
30,0.6653846153846155,0.7384615384615385,0.6814833023342362,0.795572048930459
35,0.5777777777777777,0.6702222222222222,0.6078141966869076,0.7327526290353085
40,0.7579365079365079,0.7816666666666667,0.7325842547019882,0.8308555136043745
45,0.65,0.7423076923076923,0.6685053521118705,0.8161830879427686
