questions asked,auc,z_auc,z_auc_lb,z_auc_ub
5,0.7518796992481203,0.7762105263157895,0.7255933786797195,0.8269101040597747
10,0.701923076923077,0.765425,0.7082158174106834,0.8227380662093324
15,0.894736842105263,0.9096428571428572,0.884291548251545,0.9350292276875244
20,0.7977941176470589,0.8436764705882354,0.8031858181667728,0.8842307143832172
25,0.7205882352941176,0.7775624999999999,0.7299698162115367,0.825250438985822
30,0.7706766917293233,0.8307857142857142,0.7828467252305684,0.8787906956765115
35,0.9,0.9146944444444445,0.8849204166082402,0.9444932634882311
40,0.7518518518518519,0.8112,0.768418264583236,0.854044032725625
45,0.7669172932330828,0.8290000000000001,0.7718658571595791,0.8861771242882392
