questions asked,auc,z_auc,z_auc_lb,z_auc_ub
5,0.7124060150375939,0.7574473684210528,0.6961318486327857,0.8188810927798109
10,0.5019230769230769,0.5942307692307692,0.5124977553395506,0.6761634459345482
15,0.40808823529411764,0.58234375,0.5051718125157393,0.6597611337958684
20,0.6052631578947368,0.7048421052631579,0.6331949077526619,0.7765717328815693
25,0.6203007518796992,0.7030000000000001,0.6372986264774345,0.7688134978477406
30,0.5444444444444445,0.6222222222222222,0.5420076944852704,0.7025278501989698
35,0.7389705882352942,0.78671875,0.7308282330610054,0.842679650953783
40,0.7518518518518519,0.8036666666666668,0.743483668586948,0.8639119620552465
45,0.6925925925925928,0.7776000000000001,0.7056683999521796,0.8495865164069634
