questions asked,auc,z_auc,z_auc_lb,z_auc_ub
5,0.8235294117647058,0.8419117647058824,0.8129585847948557,0.8709566452519109
10,0.8346153846153846,0.8576923076923078,0.82955266340703,0.8859050074168398
15,0.6727941176470589,0.729764705882353,0.6692301004825147,0.7904067395842582
20,0.8308823529411765,0.8566875,0.8152462808725498,0.8981673921297114
25,0.6746031746031746,0.7322083333333333,0.6784921672274329,0.7860553713946823
30,0.7316176470588236,0.7959117647058823,0.7363620808283265,0.8555059650617687
35,0.7977941176470589,0.8289117647058823,0.7773149163693334,0.8805418667439161
40,0.8730769230769231,0.8903846153846154,0.8632300795909171,0.9175864357204291
45,0.886029411764706,0.878625,0.8385717994798084,0.9187240423744458
