questions asked,auc,z_auc,z_auc_lb,z_auc_ub
5,0.7040441176470589,0.7555000000000001,0.6859805722206871,0.8250749069142618
10,0.8260869565217391,0.87155,0.8288790059499969,0.9142446125348929
15,0.5722222222222222,0.6906333333333334,0.6134108784728294,0.7679048211224092
20,0.823076923076923,0.8577250000000001,0.8022490225492476,0.9132340092552216
25,0.7610294117647058,0.8306764705882352,0.7669677811179932,0.8944115772360988
30,0.9436090225563909,0.9436090225563909,0.9436090225563909,0.9436090225563909
35,0.762962962962963,0.7980833333333333,0.7354323028541967,0.8607781467848612
40,0.8214285714285714,0.8094523809523809,0.7502168787767364,0.8687576673982123
45,0.6917293233082706,0.7796842105263158,0.7297947638044386,0.8296954648866548
