questions asked,auc,z_auc,z_auc_lb,z_auc_ub
5,0.4888888888888889,0.6444444444444444,0.5742329233126151,0.714863390658182
10,0.5131578947368421,0.6089642857142857,0.5358981366231995,0.6822574057391826
15,0.33834586466165417,0.526,0.4479989469837151,0.6042931777814922
20,0.5814814814814815,0.6386666666666666,0.5640439179635983,0.7134610883468848
25,0.612781954887218,0.6877894736842106,0.6154657380749393,0.7602695427004095
30,0.518796992481203,0.5996785714285714,0.517801036102101,0.6817372768532612
35,0.7,0.7760833333333332,0.7258986877571565,0.8263590791493058
40,0.625,0.6764117647058823,0.6063081196485298,0.746659666773348
45,0.7058823529411765,0.7333235294117648,0.6648021047926014,0.8019417729294406
