questions asked,auc,z_auc,z_auc_lb,z_auc_ub
1,0.5110294117647058,0.5110294117647058,0.5110294117647058,0.5110294117647058
6,0.6806451612903226,0.7432258064516128,0.6813088746624674,0.8052376610270278
11,0.8092165898617512,0.846483870967742,0.7915195156844754,0.9014756445989633
16,0.9117647058823528,0.9280625,0.9055783492106803,0.9505601368743233
21,0.840552995391705,0.8681290322580645,0.820907662997884,0.915369585392098
26,0.8567493112947658,0.8928636363636364,0.8437104412726366,0.9473229795073832
31,0.9329044117647058,0.9477968749999999,0.9269549090094168,0.9686497664793502
36,0.9361111111111111,0.9461388888888889,0.925084993317798,0.9672059569501101
41,0.9494949494949495,0.9429090909090909,0.9215011783172604,0.9643394403118166
46,0.9954044117647058,0.9954044117647058,0.9954044117647058,0.9954044117647058
51,0.9981360671015843,0.9981360671015843,0.9981360671015843,0.9981360671015843
56,0.9879629629629629,0.9879629629629629,0.9879629629629629,0.9879629629629629
61,1.0,0.5,0.4177203101705293,0.58258797086041
66,1.0,0.5,0.4177203101705293,0.58258797086041
71,0.9954044117647058,0.9954044117647058,0.9954044117647058,0.9954044117647058
76,1.0,0.5,0.4177203101705293,0.58258797086041
81,1.0,0.5,0.4177203101705293,0.58258797086041
86,1.0,0.5,0.4177203101705293,0.58258797086041
91,1.0,0.5,0.4177203101705293,0.58258797086041
96,1.0,0.5,0.4177203101705293,0.58258797086041
101,1.0,0.5,0.4177203101705293,0.58258797086041
106,1.0,0.5,0.4177203101705293,0.58258797086041
111,1.0,0.5,0.4177203101705293,0.58258797086041
116,1.0,0.5,0.4177203101705293,0.58258797086041
121,1.0,0.5,0.4177203101705293,0.58258797086041
126,1.0,0.5,0.4177203101705293,0.58258797086041
131,1.0,0.5,0.4177203101705293,0.58258797086041
136,1.0,0.5,0.4177203101705293,0.58258797086041
141,1.0,0.5,0.4177203101705293,0.58258797086041
146,1.0,0.5,0.4177203101705293,0.58258797086041
151,1.0,0.5,0.4177203101705293,0.58258797086041
156,1.0,0.5,0.4177203101705293,0.58258797086041
161,1.0,0.5,0.4177203101705293,0.58258797086041
166,1.0,0.5,0.4177203101705293,0.58258797086041
171,1.0,0.5,0.4177203101705293,0.58258797086041
176,1.0,0.5,0.4177203101705293,0.58258797086041
181,1.0,0.5,0.4177203101705293,0.58258797086041
186,1.0,0.5,0.4177203101705293,0.58258797086041
191,1.0,0.5,0.4177203101705293,0.58258797086041
196,1.0,0.5,0.4177203101705293,0.58258797086041
201,1.0,0.5,0.4177203101705293,0.58258797086041
206,1.0,0.5,0.4177203101705293,0.58258797086041
211,1.0,0.5,0.4177203101705293,0.58258797086041
