questions asked,auc,z_auc,z_auc_lb,z_auc_ub
25,0.7277777777777777,0.7648,0.6996792964023069,0.8299543618422498
26,0.6305147058823529,0.722375,0.6600093937474509,0.7848358614499078
27,0.8909774436090225,0.9285,0.9167378253070506,0.9403031659790027
28,0.9403846153846154,0.9519230769230769,0.9405281067707292,0.9633360213097273
29,1.0,1.0,1.0,1.0
30,0.9944444444444445,0.9944444444444445,0.9944444444444445,0.9944444444444445
31,0.9888888888888889,0.9888888888888889,0.9888888888888889,0.9888888888888889
