questions asked,auc,z_auc,z_auc_lb,z_auc_ub
25,0.5351851851851852,0.6443333333333333,0.5704713338019376,0.7183177141425008
26,0.5537037037037037,0.6278000000000001,0.5537455559465337,0.7020253564535303
27,1.0,1.0,1.0,1.0
28,0.9266917293233082,0.9490526315789474,0.9384641246792079,0.9596655645758414
29,0.9846153846153846,0.975,0.9708934718885894,0.979117185561739
30,0.9962406015037595,0.9962406015037595,0.9962406015037595,0.9962406015037595
31,1.0,0.8055,0.7734951102712058,0.8376233634039141
