questions asked,auc,z_auc,z_auc_lb,z_auc_ub
25.0,0.635479167769222,0.6925672208247334,0.6227188796607109,0.7625383920703627
26.0,0.6684227405912132,0.7319091678338001,0.6634214310411607,0.8004671732300036
27.0,0.948726374023658,0.9418862942529959,0.9327539369060891,0.9510463787300375
28.0,0.9539207102094099,0.9044531186406187,0.8878612890614157,0.9210972080059214
29.0,0.9736718940650184,0.9489493859068969,0.9401294474416694,0.9577951825623251
30.0,0.9777391804061959,0.891913715014384,0.8748323387957967,0.9090529029217551
31.0,0.9763400502838713,0.9229976672004084,0.9101479582211875,0.9358864946062901
