questions asked,auc,z_auc,z_auc_lb,z_auc_ub
25,0.8277777777777777,0.8499166666666667,0.801728861475129,0.8981428997074374
26,0.7150735294117647,0.7554411764705883,0.6825544563542647,0.8283804651384854
27,0.9801587301587301,0.952,0.9441060533167533,0.9599197916821579
28,0.9629629629629629,0.9646,0.9569830160785927,0.9722329403471368
29,1.0,0.821,0.7915458625473903,0.8505628627128441
30,0.9917355371900827,0.9917355371900827,0.9917355371900827,0.9917355371900827
31,0.9485294117647058,0.9428529411764706,0.9292063327404912,0.9565234941137744
