questions asked,auc,z_auc,z_auc_lb,z_auc_ub
25,0.6037037037037037,0.6517333333333333,0.5763915241496577,0.7272347009767832
26,0.5425925925925926,0.6518,0.5655726845917244,0.7380763483368475
27,0.9246323529411765,0.9410000000000001,0.931295185354353,0.9507376611944293
28,0.9788461538461538,0.9788461538461538,0.9788461538461538,0.9788461538461538
29,1.0,0.7665,0.728076895926586,0.8050658277947657
30,1.0,1.0,1.0,1.0
31,0.9793233082706767,0.9622857142857143,0.9523524414719607,0.9722342064205212
