questions asked,auc,z_auc,z_auc_lb,z_auc_ub
25,0.6522556390977443,0.6671842105263159,0.5919836147310689,0.7425234505555018
26,0.7685185185185185,0.8052666666666667,0.755904008885903,0.8546916217562912
27,0.9485294117647058,0.9631875,0.9552538865759166,0.9711377237315896
28,0.8666666666666666,0.8925833333333333,0.8733660210698454,0.9118634200381053
29,0.9980769230769231,0.975,0.9708934718885894,0.979117185561739
30,0.9963235294117647,0.9705,0.9656528794730088,0.975361481063918
31,0.9963235294117647,0.9705,0.9656528794730088,0.975361481063918
