questions asked,auc,z_auc,z_auc_lb,z_auc_ub
25.0,0.6884674922600619,0.7181995614035088,0.6482697520208496,0.7882220687493234
26.0,0.774727668845316,0.8182722222222223,0.7674076975800393,0.8691943236971541
27.0,0.9640648567119156,0.9650496794871795,0.9581693709470603,0.9719460552060054
28.0,0.8808641975308641,0.9091944444444445,0.8922448147997786,0.9261893231218199
29.0,0.9766374783531647,0.9664911265432098,0.9607862196400205,0.9722072574804267
30.0,0.9681372549019608,0.9618988970588235,0.9532640466872911,0.9705509269583956
31.0,0.9635418412379196,0.954112037037037,0.9430147410677341,0.9652292295970936
