questions asked,auc,z_auc,z_auc_lb,z_auc_ub
25.0,0.6550225987080992,0.69625846125731,0.6236911584786214,0.7689280124377883
26.0,0.6752814088598402,0.7379606209150328,0.6743798842204348,0.8016197150030798
27.0,0.9563019972946444,0.9607748397435897,0.9537584274898386,0.9678108992978088
28.0,0.936279891323751,0.9287382478632479,0.9165900343881699,0.940921746855024
29.0,0.9788211901569744,0.931448688271605,0.9195199767885608,0.943412832103166
30.0,0.9812778740673416,0.9757096593331008,0.9704254355376986,0.9810042999602614
31.0,0.967601766115053,0.9529369708994709,0.9425802959106399,0.9633156940525045
