questions asked,auc,z_auc,z_auc_lb,z_auc_ub
25.0,0.6275700878642055,0.6896676053491573,0.6219262564354685,0.7575397996771712
26.0,0.6437939200271502,0.714889017887857,0.646811369287801,0.783052361436508
27.0,0.9533744696275187,0.9450613745836832,0.9367991796734779,0.9533481284940952
28.0,0.9544494657962149,0.91533739369792,0.9003342513230375,0.9303862407379966
29.0,0.9744780550546804,0.950985699201708,0.9423793648137394,0.9596168907589288
30.0,0.9763459616374687,0.907424561755097,0.8932358085044825,0.9216606720872683
31.0,0.9770300872635753,0.9313877348999279,0.9202602905840087,0.9425485882378855
