questions asked,auc,z_auc,z_auc_lb,z_auc_ub
25,0.6925925925925926,0.7534666666666667,0.6853515676865761,0.8216535569003582
26,0.5851851851851851,0.6518611111111112,0.5805139415123071,0.7233306619876868
27,0.9923076923076923,0.975,0.9708934718885894,0.979117185561739
28,0.9682539682539683,0.976,0.9720578151085919,0.9799517500410391
29,0.9962406015037594,0.9962406015037594,0.9962406015037594,0.9962406015037594
30,1.0,1.0,1.0,1.0
31,0.9962406015037594,0.9962406015037594,0.9962406015037594,0.9962406015037594
