questions asked,auc,z_auc,z_auc_lb,z_auc_ub
25,0.7537037037037038,0.7852,0.7198933375339582,0.8505467116406399
26,0.6893382352941176,0.7353125,0.662292293279808,0.8083713797224531
27,0.9963235294117647,0.9963235294117647,0.9963235294117647,0.9963235294117647
28,0.9703703703703704,0.9682999999999999,0.9615394287748396,0.9750752484381344
29,1.0,1.0,1.0,1.0
30,0.9705882352941176,0.9575588235294118,0.948592136613051,0.9665453497068962
31,1.0,0.775,0.7379756553907815,0.8121617095914759
