questions asked,auc,z_auc,z_auc_lb,z_auc_ub
25,0.6541353383458647,0.6991071428571429,0.6462371750616528,0.7521283796665303
26,0.5711538461538461,0.673,0.6032127013314572,0.7429285078332838
27,0.9319852941176471,0.9393235294117648,0.9290729565092483,0.9496073560157658
28,0.9722222222222222,0.9665,0.9609936099446582,0.972022906151539
29,0.9926470588235294,0.9926470588235294,0.9926470588235294,0.9926470588235294
30,0.9624060150375939,0.949,0.9333532780711031,0.9646680453860341
31,1.0,1.0,1.0,1.0
