questions asked,auc,z_auc,z_auc_lb,z_auc_ub
25,0.7316176470588235,0.7867352941176471,0.7341559207160855,0.8394220958212757
26,0.731203007518797,0.7688571428571429,0.6984525741758485,0.8393163116693458
27,0.9981617647058824,0.9685,0.9633233300569811,0.9736922102299759
28,0.9887218045112781,0.964,0.9580816323424575,0.9699362364410282
29,0.9926470588235294,0.9375,0.9272195179310948,0.9478160246418619
30,0.9185185185185185,0.9185185185185185,0.9185185185185185,0.9185185185185185
31,1.0,0.5,0.4177203101705293,0.58258797086041
