questions asked,auc,z_auc,z_auc_lb,z_auc_ub
25,0.5919117647058824,0.67271875,0.5984906537179581,0.7470421014794006
26,0.6481481481481481,0.7035,0.6308504859046099,0.7762338331421644
27,0.9503968253968255,0.958,0.9510943872704893,0.9649280879104901
28,1.0,0.8925,0.8748128311774308,0.9102510463248594
29,0.9797794117647058,0.96684375,0.959791846650127,0.973911175771744
30,0.987603305785124,0.972909090909091,0.9671082992512743,0.9787208449733378
31,0.9908088235294117,0.9685,0.9633233300569811,0.9736922102299759
