questions asked,auc,z_auc,z_auc_lb,z_auc_ub
25.0,0.6528479835103932,0.711777073177224,0.6458819834981882,0.7777816356304736
26.0,0.6338272384602364,0.7077473350081148,0.640703327465244,0.7748912917037898
27.0,0.963009611530228,0.958849895715952,0.9531383462898922,0.9645788282598445
28.0,0.9616803727413893,0.9402255643570968,0.9294188484694313,0.9510636899628188
29.0,0.9829438105276599,0.9639138844865431,0.9580017230642278,0.9698435220001151
30.0,0.9794023088610333,0.9262208698518406,0.9142745454825095,0.9382048904064246
31.0,0.9826833885451016,0.943328728200382,0.9339089861207623,0.9527767220396804
