questions asked,auc,z_auc,z_auc_lb,z_auc_ub
25,0.6691176470588236,0.6985,0.622455516941564,0.7746250659225753
26,0.5367647058823529,0.6176470588235294,0.5476330420861566,0.6878251374480041
27,0.9705882352941176,0.9705,0.9656528794730088,0.975361481063918
28,0.9962406015037595,0.9735,0.9691467769060993,0.9778653115936714
29,0.963235294117647,0.955875,0.9468924592345902,0.9648782166112062
30,0.9956521739130435,0.9956521739130435,0.9956521739130435,0.9956521739130435
31,0.9448529411764706,0.9245,0.9107617807316946,0.9382800588732492
