questions asked,auc,z_auc,z_auc_lb,z_auc_ub
25,0.6388888888888888,0.7130000000000001,0.6456701700846476,0.7803788628439242
26,0.6378676470588235,0.75696875,0.6949083390855773,0.8191489680907097
27,0.9648148148148148,0.9648148148148148,0.9648148148148148,0.9648148148148148
28,1.0,1.0,1.0,1.0
29,1.0,1.0,1.0,1.0
30,1.0,1.0,1.0,1.0
31,0.9944852941176471,0.9944852941176471,0.9944852941176471,0.9944852941176471
