questions asked,auc,z_auc,z_auc_lb,z_auc_ub
25,0.7557692307692309,0.77505,0.7042595455808376,0.8458852867025484
26,0.8134615384615385,0.8423,0.7818652777091,0.9027654998418979
27,0.9718045112781954,0.9718045112781954,0.9718045112781954,0.9718045112781954
28,0.9833333333333334,0.9628055555555556,0.9549375190944098,0.9706909456904198
29,0.988095238095238,0.988095238095238,0.988095238095238,0.988095238095238
30,0.9710743801652892,0.9710743801652892,0.9710743801652892,0.9710743801652892
31,0.962962962962963,0.962962962962963,0.962962962962963,0.962962962962963
