questions asked,auc,z_auc,z_auc_lb,z_auc_ub
25,0.7259259259259259,0.7775000000000001,0.7306792385177192,0.824405080529055
26,0.5796296296296297,0.6741333333333333,0.6020793709203911,0.7462716147930502
27,1.0,1.0,1.0,1.0
28,0.9963235294117647,0.9963235294117647,0.9963235294117647,0.9963235294117647
29,1.0,1.0,1.0,1.0
30,1.0,0.5,0.4177203101705293,0.58258797086041
31,1.0,1.0,1.0,1.0
