questions asked,auc,z_auc,z_auc_lb,z_auc_ub
25,0.7610294117647058,0.731375,0.669662186917076,0.7932187148953702
26,0.5288461538461539,0.6442307692307693,0.5705360836422846,0.718091355454231
27,0.9669117647058824,0.9669117647058824,0.9669117647058824,0.9669117647058824
28,0.9522058823529411,0.9375,0.9272195179310948,0.9478160246418619
29,1.0,1.0,1.0,1.0
30,0.9430147058823529,0.9539117647058823,0.944479049461983,0.9633664459499283
31,1.0,1.0,1.0,1.0
