questions asked,auc,z_auc,z_auc_lb,z_auc_ub
25,0.35477941176470584,0.5053529411764706,0.4234378529241559,0.5875723233683953
26,0.5912698412698412,0.6486666666666666,0.5664691080671806,0.7309712636046269
27,0.8492647058823528,0.893125,0.8720849660504828,0.9142250941178341
28,0.9411764705882353,0.9685,0.9633233300569811,0.9736922102299759
29,1.0,1.0,1.0,1.0
30,1.0,0.5,0.4177203101705293,0.58258797086041
31,0.9548872180451128,0.9548872180451128,0.9548872180451128,0.9548872180451128
