questions asked,auc,z_auc,z_auc_lb,z_auc_ub
25,0.7293233082706767,0.7687894736842105,0.698430173792747,0.8391929680338426
26,0.8203703703703704,0.8628,0.8152581485112373,0.9103819006633604
27,0.9705882352941176,0.9685,0.9633233300569811,0.9736922102299759
28,0.9518518518518518,0.972,0.9673999019548252,0.9766134088619938
29,0.9522058823529411,0.94484375,0.9318355574018425,0.9578749572499116
30,0.9595588235294118,0.95034375,0.9367142691406047,0.9639939067051917
31,0.9461538461538461,0.932725,0.9131048491892667,0.9523711024376695
