questions asked,auc,z_auc,z_auc_lb,z_auc_ub
25,0.6838235294117647,0.7186250000000001,0.6543954675387328,0.7829497876586259
26,0.7352941176470589,0.78675,0.7310609353429776,0.8425094486718108
27,0.9730769230769231,0.9634615384615385,0.9559308962082831,0.9710082316564504
28,0.8240740740740741,0.863,0.835968521374665,0.8900911404653604
29,0.9796296296296296,0.9796296296296296,0.9796296296296296,0.9796296296296296
30,0.9485294117647058,0.9648529411764706,0.9574249914482599,0.9722973931060774
31,0.9481481481481482,0.959111111111111,0.9502864945409265,0.9679551052896931
