questions asked,auc,z_auc,z_auc_lb,z_auc_ub
25.0,0.5938050542604206,0.6586004120800367,0.5858121496904746,0.7315305837935431
26.0,0.6403525607773974,0.7129267896047308,0.644092131494717,0.7818407065016925
27.0,0.934972245811091,0.9455367799730838,0.9366321606748191,0.9544667384731973
28.0,0.9456341855980658,0.8878717948717949,0.8686021585206493,0.9072033015921226
29.0,0.9758075333647229,0.9471061430582629,0.937768930135099,0.9564703435390126
30.0,0.9825863629100602,0.9237079646098668,0.910074984077247,0.937383773946316
31.0,0.9725686267159435,0.957001004826882,0.9490102472800841,0.9650096668280121
