questions asked,auc,z_auc,z_auc_lb,z_auc_ub
25,0.5992647058823529,0.6744705882352942,0.6052423210297451,0.7438062837429102
26,0.6146616541353384,0.6803571428571429,0.6222139143461053,0.7386132002596181
27,0.9703703703703704,0.9554166666666667,0.9459191517034582,0.9649354805344287
28,0.9360902255639098,0.9490526315789474,0.9384641246792079,0.9596655645758414
29,0.9774436090225564,0.9678928571428571,0.9595176830201386,0.976281737132175
30,0.9461538461538461,0.9461538461538461,0.9461538461538461,0.9461538461538461
31,0.9926470588235294,0.9705,0.9656528794730088,0.975361481063918
