questions asked,auc,z_auc,z_auc_lb,z_auc_ub
25.0,0.6436540855658504,0.7033989303835569,0.6369343327927934,0.769983463568201
26.0,0.6395034361397881,0.7102579007090166,0.6415031191683068,0.7790977265583784
27.0,0.960513792562902,0.9526246748981673,0.9455113720223624,0.9597590356880517
28.0,0.9584272141655182,0.9261491352711424,0.9130519190633754,0.9392857854978272
29.0,0.9785228570735538,0.9589458938627433,0.9517739485394361,0.9661385534937607
30.0,0.9786543144364528,0.8927181805475483,0.8758249763528232,0.9096690778820185
31.0,0.9806495505809661,0.9301142569445933,0.9187844786474817,0.9414795074813065
