questions asked,auc,z_auc,z_auc_lb,z_auc_ub
25,0.6415441176470589,0.7184999999999999,0.6721776727701194,0.7649948994089866
26,0.47794117647058826,0.6341470588235294,0.5644748024531498,0.7039277061088145
27,0.9473684210526315,0.9473684210526315,0.9473684210526315,0.9473684210526315
28,0.9605263157894737,0.9602631578947368,0.9519070385959368,0.9686389136703781
29,0.9852941176470589,0.9375,0.9272195179310948,0.9478160246418619
30,1.0,1.0,1.0,1.0
31,0.9851851851851852,0.9628055555555556,0.9549375190944098,0.9706909456904198
