questions asked,auc,z_auc,z_auc_lb,z_auc_ub
25,0.6507352941176471,0.71140625,0.6348759171721622,0.7880318380251966
26,0.45036764705882354,0.5277647058823529,0.4430775070953441,0.6126159665564637
27,0.9555555555555556,0.9555555555555556,0.9555555555555556,0.9555555555555556
28,0.9761029411764706,0.9648529411764706,0.9574249914482599,0.9722973931060774
29,0.96875,0.9630000000000001,0.9534675086571063,0.9725489935442898
30,0.9521739130434783,0.9521739130434783,0.9521739130434783,0.9521739130434783
31,0.9963235294117647,0.9685,0.9633233300569811,0.9736922102299759
