questions asked,auc,z_auc,z_auc_lb,z_auc_ub
25.0,0.6350377909354625,0.7011667325098899,0.6342034063206465,0.7682441078632615
26.0,0.6346576410309963,0.7081855262262069,0.6412635684477932,0.7752044135985695
27.0,0.961731185877667,0.9580232901242428,0.9518693079100475,0.9641958506192044
28.0,0.9608899496783269,0.9381172495640181,0.9269286224720283,0.9493382979042203
29.0,0.9815866550830109,0.966503291649262,0.9609532273188063,0.9720693357709308
30.0,0.9811682861847144,0.9159986714962455,0.9024817325047999,0.9295600301775789
31.0,0.983640340507923,0.9366285761629963,0.9265820107871705,0.94670732963361
