questions asked,auc,z_auc,z_auc_lb,z_auc_ub
25,0.6777777777777778,0.7315555555555555,0.6671153951916495,0.7960868161592574
26,0.7425925925925926,0.8163,0.7672706577408521,0.8654133027084693
27,0.9814814814814815,0.9665,0.9609936099446582,0.972022906151539
28,0.9586466165413533,0.9285,0.9167378253070506,0.9403031659790027
29,0.9761904761904762,0.9761904761904762,0.9761904761904762,0.9761904761904762
30,0.9981617647058824,0.9981617647058824,0.9981617647058824,0.9981617647058824
31,0.9705882352941176,0.9575,0.9462435551625752,0.9687740243302955
