questions asked,auc,z_auc,z_auc_lb,z_auc_ub
25,0.5469924812030076,0.6412368421052631,0.5788472968036321,0.7038351071613174
26,0.5432330827067668,0.625921052631579,0.5544246500238308,0.6976384364191428
27,0.9981617647058824,0.9705,0.9656528794730088,0.975361481063918
28,0.9730769230769231,0.9673076923076923,0.9603071378334282,0.9743226367526714
29,0.9703703703703703,0.972,0.9673999019548252,0.9766134088619938
30,0.9661654135338346,0.96225,0.9543952158638319,0.9701214000941167
31,0.9615384615384616,0.9615384615384616,0.9615384615384616,0.9615384615384616
