questions asked,auc,z_auc,z_auc_lb,z_auc_ub
25,0.6893382352941176,0.7426875000000001,0.6734779714355567,0.8119357015667044
26,0.6555555555555557,0.7221666666666667,0.6588775071135002,0.7855154880598586
27,1.0,1.0,1.0,1.0
28,1.0,1.0,1.0,1.0
29,0.9841269841269841,0.9841269841269841,0.9841269841269841,0.9841269841269841
30,0.9603174603174603,0.9601666666666666,0.9482129804997411,0.9721342430088878
31,0.9926470588235294,0.9685,0.9633233300569811,0.9736922102299759
