questions asked,auc,z_auc,z_auc_lb,z_auc_ub
25.0,0.6461946316988334,0.7061895593763822,0.6395212174111328,0.7729691769159334
26.0,0.6364109232686926,0.7113326648934427,0.6438773510393649,0.7788805724142248
27.0,0.9592876440264797,0.9543123315705632,0.9476551112630661,0.9609895534847023
28.0,0.959146403350664,0.9330362551408327,0.9209725196521261,0.9451352464887359
29.0,0.9808855529766263,0.9641052987959317,0.9579579170902397,0.9702704356225179
30.0,0.9807230719197919,0.9062506929258651,0.8913719858007334,0.9211795039739501
31.0,0.9819219148148088,0.9386059488407749,0.9288947103003936,0.9483475921579577
