questions asked,auc,z_auc,z_auc_lb,z_auc_ub
25,0.6019230769230769,0.7,0.647020897873473,0.7531534416716426
26,0.5099206349206349,0.6487857142857143,0.5630475416012448,0.7345896493387577
27,0.8834586466165414,0.9078421052631579,0.8908390390507996,0.9248952803210295
28,0.9518518518518518,0.9499166666666666,0.9368355801293129,0.963019052108574
29,0.9285714285714285,0.9602631578947368,0.9519070385959368,0.9686389136703781
30,0.9926470588235294,0.9926470588235294,0.9926470588235294,0.9926470588235294
31,0.9962962962962962,0.972,0.9673999019548252,0.9766134088619938
