questions asked,auc,z_auc,z_auc_lb,z_auc_ub
25.0,0.6488718318919844,0.7115342149059104,0.6453957120664723,0.7777803754195227
26.0,0.6468314632128989,0.7180527620418637,0.6520101308106753,0.7841889970840634
27.0,0.9642902122788056,0.9593965193261242,0.9534300041454105,0.9653811174636345
28.0,0.9611066717218535,0.9384412588717198,0.9272936049910714,0.9496212731475957
29.0,0.9824784169261579,0.9615470176212135,0.9553310046091185,0.9677818373198384
30.0,0.9823879493284287,0.9233903858446614,0.9110455601443972,0.935775492881974
31.0,0.9808954861830105,0.9381985868893132,0.927923935317255,0.9485040537392755
