questions asked,auc,z_auc,z_auc_lb,z_auc_ub
25,0.7730769230769231,0.8019499999999999,0.7359582174324555,0.8679818317421424
26,0.775,0.8192307692307692,0.7641227750460802,0.8744032270570905
27,0.9926470588235294,0.9926470588235294,0.9926470588235294,0.9926470588235294
28,0.9669117647058824,0.9299999999999999,0.9169195540446027,0.9431191189576584
29,0.9926470588235294,0.9685,0.9633233300569811,0.9736922102299759
30,0.9865384615384615,0.957675,0.9487712418875595,0.9666002816554405
31,0.9576923076923076,0.9519230769230769,0.9405281067707292,0.9633360213097273
