questions asked,auc,z_auc,z_auc_lb,z_auc_ub
25,0.6176470588235294,0.691,0.6197781088765533,0.7623171463208054
26,0.5851851851851853,0.6739999999999999,0.6194504939641141,0.7287481131072944
27,1.0,1.0,1.0,1.0
28,0.9500000000000001,0.9711538461538461,0.9649602627831619,0.9773600159928386
29,0.9851851851851852,0.9851851851851852,0.9851851851851852,0.9851851851851852
30,0.9849624060150375,0.9678928571428571,0.9595176830201386,0.976281737132175
31,0.9852941176470588,0.9852941176470588,0.9852941176470588,0.9852941176470588
