questions asked,auc,z_auc,z_auc_lb,z_auc_ub
25,0.45740740740740743,0.5445,0.45970364554491394,0.6294814144751211
26,0.6102941176470589,0.691125,0.6210332284614188,0.7612871555533696
27,0.9442148760330579,0.9442148760330579,0.9442148760330579,0.9442148760330579
28,1.0,0.5,0.4177203101705293,0.58258797086041
29,0.9807692307692307,0.975,0.9708934718885894,0.979117185561739
30,0.962962962962963,0.9664666666666666,0.9577548744749721,0.9751931360713353
31,0.9963235294117647,0.9685,0.9633233300569811,0.9736922102299759
