questions asked,auc,z_auc,z_auc_lb,z_auc_ub
25,0.7941176470588235,0.8216176470588235,0.7619017424173373,0.8813780681786402
26,0.7132352941176471,0.7554117647058822,0.6839101371565276,0.8269579087335677
27,1.0,0.8525,0.8282299554645209,0.8768591769935036
28,0.9642857142857142,0.9357857142857142,0.9238968906142782,0.9477095996105055
29,0.9210526315789473,0.9378421052631579,0.926318242057809,0.9493978361596876
30,1.0,0.5,0.4177203101705293,0.58258797086041
31,1.0,1.0,1.0,1.0
