questions asked,auc,z_auc,z_auc_lb,z_auc_ub
25,0.4462962962962963,0.611,0.5469868808242335,0.6752524577744711
26,0.6578947368421053,0.7084999999999999,0.6562782078603394,0.7608730611535581
27,0.9365079365079365,0.952,0.9441060533167533,0.9599197916821579
28,0.9925925925925926,0.972,0.9673999019548252,0.9766134088619938
29,0.9907407407407407,0.9907407407407407,0.9907407407407407,0.9907407407407407
30,0.9962962962962962,0.9962962962962962,0.9962962962962962,0.9962962962962962
31,0.9943609022556391,0.9943609022556391,0.9943609022556391,0.9943609022556391
