fpr,tpr,threshold
0.0,0.0,1.9330891381239959
0.0,0.08333333333333333,0.9330891381239959
0.0,1.0,0.8112771661152022
1.0,1.0,0.04705612043243648
