fpr,tpr,threshold
0.0,0.0,1.9234892446076077
0.0,0.05263157894736842,0.9234892446076077
0.0,1.0,0.7774175740277324
1.0,1.0,0.021528906924444452
