fpr,tpr,threshold
0.0,0.0,1.8426644236513186
0.0,0.0625,0.8426644236513184
0.0,1.0,0.695510889980662
1.0,1.0,0.07364616758260581
