fpr,tpr,threshold
0.0,0.0,1.8927253287213803
0.0,0.058823529411764705,0.8927253287213803
0.0,1.0,0.8020840743703949
1.0,1.0,0.02808371707458916
