fpr,tpr,threshold
0.0,0.0,1.9333353854365285
0.0,0.058823529411764705,0.9333353854365284
0.0,1.0,0.6970145502195556
1.0,1.0,0.09783561718503983
