fpr,tpr,threshold
0.0,0.0,1.9644901223848592
0.0,0.05263157894736842,0.9644901223848592
0.0,1.0,0.7779786978611245
1.0,1.0,0.022343017374073276
