fpr,tpr,threshold
0.0,0.0,1.9230184027971995
0.0,0.058823529411764705,0.9230184027971995
0.0,1.0,0.7536462274440432
1.0,1.0,0.04650369711889539
