fpr,tpr,threshold
0.0,0.0,1.8635764039714018
0.0,0.0625,0.8635764039714019
0.0,1.0,0.7516208625308336
1.0,1.0,0.08817313750133458
