fpr,tpr,threshold
0.0,0.0,1.916684463544974
0.0,0.04,0.9166844635449739
0.0,1.0,0.708813846190711
1.0,1.0,0.041947403145686284
