fpr,tpr,threshold
0.0,0.0,1.9416263773588756
0.0,0.08333333333333333,0.9416263773588756
0.0,1.0,0.8137354700849063
1.0,1.0,0.10040469179595538
