fpr,tpr,threshold
0.0,0.0,1.882528785128104
0.0,0.058823529411764705,0.882528785128104
0.0,1.0,0.7718205104544483
1.0,1.0,0.058570197052788465
