fpr,tpr,threshold
0.0,0.0,1.884565837353536
0.0,0.05555555555555555,0.8845658373535361
0.0,1.0,0.8029715864404312
1.0,1.0,0.025698044224075327
