fpr,tpr,threshold
0.0,0.0,1.9155636216386722
0.0,0.05,0.9155636216386722
0.0,1.0,0.7282168728629712
1.0,1.0,0.04628111352249283
