fpr,tpr,threshold
0.0,0.0,1.9675953489807978
0.0,0.05263157894736842,0.9675953489807978
0.0,1.0,0.8122808750130731
1.0,1.0,0.0020639834881320948
