fpr,tpr,threshold
0.0,0.0,1.972139122315593
0.0,0.0625,0.9721391223155931
0.0,1.0,0.8335431627196332
1.0,1.0,0.022000000000000002
