fpr,tpr,threshold
0.0,0.0,1.9518894915356952
0.0,0.058823529411764705,0.9518894915356952
0.0,1.0,0.8140231277973358
1.0,1.0,0.028487217309182265
