fpr,tpr,threshold
0.0,0.0,1.9411410525228474
0.0,0.0625,0.9411410525228474
0.0,1.0,0.8168462104448551
1.0,1.0,0.005963883137796181
