fpr,tpr,threshold
0.0,0.0,1.9422033401316932
0.0,0.0625,0.9422033401316933
0.0,1.0,0.8069415757886932
1.0,1.0,0.04399042483619213
