fpr,tpr,threshold
0.0,0.0,1.937410861560119
0.0,0.058823529411764705,0.9374108615601191
0.0,1.0,0.7074512355565522
1.0,1.0,0.02142466828512291
