fpr,tpr,threshold
0.0,0.0,1.8872009198436048
0.0,0.05555555555555555,0.8872009198436049
0.0,1.0,0.793095915827511
1.0,1.0,0.044685598387909725
