fpr,tpr,threshold
0.0,0.0,1.911905860024246
0.0,0.05555555555555555,0.9119058600242461
0.0,1.0,0.7652461271685993
1.0,1.0,0.018232732861781974
