fpr,tpr,threshold
0.0,0.0,1.9525418560319947
0.0,0.07692307692307693,0.9525418560319946
0.0,1.0,0.8615228661529737
1.0,1.0,0.006556543593580631
