fpr,tpr,threshold
0.0,0.0,1.8776936007463618
0.0,0.05263157894736842,0.8776936007463618
0.0,1.0,0.7329177963259424
1.0,1.0,0.04441027938523178
