fpr,tpr,threshold
0.0,0.0,1.9116980040376337
0.0,0.0625,0.9116980040376337
0.0,1.0,0.8533469888279855
1.0,1.0,0.0461447727423812
