fpr,tpr,threshold
0.0,0.0,1.8868257187803674
0.0,0.0625,0.8868257187803674
0.0,1.0,0.7833647421966347
1.0,1.0,0.06368604981384449
