fpr,tpr,threshold
0.0,0.0,1.9586820586820588
0.0,0.058823529411764705,0.9586820586820588
0.0,1.0,0.8579412799144112
0.875,1.0,0.045621045621045624
1.0,1.0,0.007575757575757576
