fpr,tpr,threshold
0.0,0.0,1.9257323271551596
0.0,0.05263157894736842,0.9257323271551596
0.0,1.0,0.7866935958989304
1.0,1.0,0.034690935981390274
