fpr,tpr,threshold
0.0,0.0,1.9125914089889862
0.0,0.1,0.9125914089889863
0.0,1.0,0.8222617821317325
1.0,1.0,0.08267676665528613
