fpr,tpr,threshold
0.0,0.0,1.8441588585248274
0.0,0.05,0.8441588585248273
0.0,1.0,0.7459969376793728
1.0,1.0,0.06874660919235752
