fpr,tpr,threshold
0.0,0.0,1.9537930112543118
0.0,0.0625,0.9537930112543117
0.0,1.0,0.7907139454327922
1.0,1.0,0.030409366777013842
